{
  "n_eval": 21,
  "evolution_best": 1.9245596031524659,
  "random_best_mean": 1.9605998709892272,
  "random_best_min": 1.9342141250946046,
  "advantage": 0.036040267836761286,
  "ea_evals_to_match_random_final": 12,
  "sample_efficiency_x": 1.75,
  "pop_mean_first": 2.077394861643982,
  "pop_mean_last": 1.959086135157776,
  "pop_mean_per_gen": [
    2.077394861643982,
    2.0264347780258176,
    2.0177696721138,
    2.0017372469406127,
    1.9918395427335103,
    1.9499618202372233,
    1.959086135157776
  ],
  "evolution_curve": [
    2.0323330983428955,
    2.0323330983428955,
    2.0323330983428955,
    2.0323330983428955,
    2.0323330983428955,
    2.0323330983428955,
    2.0227183287750243,
    2.0227183287750243,
    2.000643485267639,
    2.000643485267639,
    2.000643485267639,
    1.9602492982940674,
    1.9602492982940674,
    1.9602492982940674,
    1.9602492982940674,
    1.9602492982940674,
    1.9602492982940674,
    1.9245596031524659,
    1.9245596031524659,
    1.9245596031524659,
    1.9245596031524659
  ],
  "random_mean_curve": [
    2.030105428578186,
    2.0205654671905515,
    2.0205654671905515,
    2.0205654671905515,
    2.0205654671905515,
    1.992866798931122,
    1.992866798931122,
    1.992866798931122,
    1.992866798931122,
    1.992866798931122,
    1.992866798931122,
    1.9628507314735413,
    1.9628507314735413,
    1.9628507314735413,
    1.9605998709892272,
    1.9605998709892272,
    1.9605998709892272,
    1.9605998709892272,
    1.9605998709892272,
    1.9605998709892272,
    1.9605998709892272
  ],
  "config": {
    "pop": 6,
    "gens": 7,
    "mutation_rate": 0.18,
    "tournament_k": 4,
    "steps": 200,
    "random_seeds": [
      101,
      202
    ]
  }
}