{
  "scratch": {
    "per_gen_best": [
      2.412280179586792,
      2.378662916836548,
      2.3503915614349364,
      2.1523105624450682,
      2.1419314708465578
    ],
    "final_best": 2.1419314708465578,
    "final_val": 2.0984370708465576,
    "wall_s": 303.2
  },
  "inherit": {
    "per_gen_best": [
      2.412280418005371,
      2.0365557021362304,
      1.8863547785949708,
      1.8464202231628417,
      1.8464202231628417
    ],
    "final_best": 1.8464202231628417,
    "final_val": 1.8359370231628418,
    "wall_s": 128.3
  }
}