{
  "spearman": 0.696969696969697,
  "pearson": 0.9329511453970205,
  "n": 10,
  "proxy_steps": 200,
  "truth_steps": 700,
  "pairs": [
    [
      2.269829511642456,
      1.8487735986709595
    ],
    [
      1.993006944656372,
      1.6918820142745972
    ],
    [
      1.91445791721344,
      1.666581153869629
    ],
    [
      2.265833616256714,
      1.9236711263656616
    ],
    [
      2.158222198486328,
      1.7909349203109741
    ],
    [
      1.974493384361267,
      1.6654895544052124
    ],
    [
      1.9870307445526123,
      1.6492658853530884
    ],
    [
      1.9553916454315186,
      1.705550193786621
    ],
    [
      1.9479732513427734,
      1.7122045755386353
    ],
    [
      2.1043410301208496,
      1.754423975944519
    ]
  ]
}