{
  "champion_val_loss": 1.5176763534545898,
  "champion_ppl": 4.5616132937913525,
  "champion_bpc": 2.1895441488033827,
  "proxy_spearman": 0.696969696969697,
  "inherit_scratch_val": 2.0984370708465576,
  "inherit_val": 1.8359370231628418
}